{"error":0,"message":"Admin data fetch successfully","data":[{"name":"Praça Amambaí 13 Engenho de Dentro","description":{"text":"<div><span class=\"l\">Endereço descritivo:</span>&nbsp;Praça Amambaí 13 Engenho de Dentro</div><div><span class=\"l\">AP:</span>&nbsp;4</div><div><span class=\"l\">Status:</span>&nbsp;Instalados e em funcionamento</div>"},"ilustration":{},"geoResult":{"address":"Praça Amambaí - Engenho de Dentro, Rio de Janeiro - RJ, Brasil","point":{"lng":-43.294641,"lat":-22.903152}}},{"name":"Praça Ipupiara - Vicente de Carvalho","description":{"text":"<div><span class=\"l\">Endereço descritivo:</span>&nbsp;Praça Ipupiara - Vicente de Carvalho</div><div><span class=\"l\">AP:</span>&nbsp;3</div><div><span class=\"l\">Status:</span>&nbsp;Instalados e em funcionamento</div>"},"ilustration":{},"geoResult":{"address":"Praça Ipupiara - Irajá, Rio de Janeiro - RJ, 21361-270, Brasil","point":{"lng":-43.324794,"lat":-22.852716}}},{"name":"Praça Catende 13 Rocha Miranda","description":{"text":"<div><span class=\"l\">Endereço descritivo:</span>&nbsp;Praça Catende (Sta. Eugenia) 13 Rocha Miranda</div><div><span class=\"l\">AP:</span>&nbsp;3</div><div><span class=\"l\">Status:</span>&nbsp;Instalados e em funcionamento</div>"},"ilustration":{},"geoResult":{"address":"Praça Catende - Rocha Miranda, Rio de Janeiro - RJ, Brasil","point":{"lng":-43.346698,"lat":-22.85148}}},{"name":"Praça Oito de Maio - Rocha Miranda","description":{"text":"<div><span class=\"l\">Endereço descritivo:</span>&nbsp;Praça Oito de Maio - Rocha Miranda</div><div><span class=\"l\">AP:</span>&nbsp;3</div><div><span class=\"l\">Status:</span>&nbsp;Instalados e em funcionamento</div>"},"ilustration":{},"geoResult":{"address":"Praça Oito de Maio - Rocha Miranda, Rio de Janeiro - RJ, Brasil","point":{"lng":-43.351483,"lat":-22.853939}}},{"name":"Rua Carvalho de Souza 247 - Madureira","description":{"text":"<div><span class=\"l\">Endereço descritivo:</span>&nbsp;Rua Carvalho de Souza, junto ao nº 247 - Madureira</div><div><span class=\"l\">AP:</span>&nbsp;3</div><div><span class=\"l\">Status:</span>&nbsp;Instalados e em funcionamento</div>"},"ilustration":{},"geoResult":{"address":"R. Carvalho de Sousa, 247 - Madureira, Rio de Janeiro - RJ, 21350-180, Brasil","point":{"lng":-43.335469,"lat":-22.875767}}},{"name":"Praça Paulo Setúbal - Vila da Penha","description":{"text":"<div><span class=\"l\">Endereço descritivo:</span>&nbsp;Praça Paulo Setúbal - Vila da Penha</div><div><span class=\"l\">AP:</span>&nbsp;3</div><div><span class=\"l\">Status:</span>&nbsp;Instalados e em funcionamento</div>"},"ilustration":{},"geoResult":{"address":"Praça Paulo Setúbal - Vila da Penha, Rio de Janeiro - RJ, Brasil","point":{"lng":-43.311427,"lat":-22.841639}}},{"name":"Praça N. S. de Nazaré - Anchieta","description":{"text":"<div><span class=\"l\">Endereço descritivo:</span>&nbsp;Rua Mario Verse junto a Praça N. S. de Nazaré - Anchieta</div><div><span class=\"l\">AP:</span>&nbsp;3</div><div><span class=\"l\">Status:</span>&nbsp;Instalados e em funcionamento</div>"},"ilustration":{},"geoResult":{"address":"Praça Ns. de Nazaré - Anchieta, Rio de Janeiro - RJ, Brasil","point":{"lng":-43.398689,"lat":-22.821524}}},{"name":"Rua Santa Fé, Méier","description":{"text":"<div><span class=\"l\">Endereço descritivo:</span>&nbsp;Rua Santa Fé, Jardim do Méier - Méier</div><div><span class=\"l\">AP:</span>&nbsp;3</div><div><span class=\"l\">Status:</span>&nbsp;Instalados e em funcionamento</div>"},"ilustration":{},"geoResult":{"address":"R. Santa Fé - Méier, Rio de Janeiro - RJ, 20775-065, Brasil","point":{"lng":-43.278304,"lat":-22.899383}}},{"name":"Praça José de Souza Marques - Cascadura","description":{"text":"<div><span class=\"l\">Endereço descritivo:</span>&nbsp;Praça José de Souza Marques - Cascadura</div><div><span class=\"l\">AP:</span>&nbsp;3</div><div><span class=\"l\">Status:</span>&nbsp;Sanitários - Instalados e dependendo de ligações CEDAE</div><div><span class=\"l\">Esgoto:</span>&nbsp;Fossa e filtro ligado</div><div><span class=\"l\">Água:</span>&nbsp;Falta Ligar</div>"},"ilustration":{},"geoResult":{"address":"Praça José de Sousa Marques - Cascadura, Rio de Janeiro - RJ, Brasil","point":{"lng":-43.329823,"lat":-22.881854}}},{"name":"Praça Saiqui - Vila Valqueire","description":{"text":"<div><span class=\"l\">Endereço descritivo:</span>&nbsp;Praça Saiqui - Vila Valqueire</div><div><span class=\"l\">AP:</span>&nbsp;4</div><div><span class=\"l\">Status:</span>&nbsp;Sanitários - Instalados e dependendo de ligações CEDAE</div><div><span class=\"l\">Esgoto:</span>&nbsp;Fossa e filtro ligado</div><div><span class=\"l\">Observações:</span>&nbsp;Extensão de 18 metros</div><div><span class=\"l\">Água:</span>&nbsp;Falta Ligar</div>"},"ilustration":{},"geoResult":{"address":"Praça Saiqui - Vila Valqueire, Rio de Janeiro - RJ, 21330-320, Brasil","point":{"lng":-43.367356,"lat":-22.882943}}},{"name":"Praça Valqueire - Vila Valqueire","description":{"text":"<div><span class=\"l\">Endereço descritivo:</span>&nbsp;Praça Valqueire - Vila Valqueire</div><div><span class=\"l\">AP:</span>&nbsp;4</div><div><span class=\"l\">Status:</span>&nbsp;Sanitários - Instalados e dependendo de ligações CEDAE</div><div><span class=\"l\">Esgoto:</span>&nbsp;Fossa e filtro ligado</div><div><span class=\"l\">Observações:</span>&nbsp;Extensão de 20 metros</div><div><span class=\"l\">Água:</span>&nbsp;Falta Ligar</div>"},"ilustration":{},"geoResult":{"address":"Praça Valqueire - Rio de Janeiro - RJ, Brasil","point":{"lng":-43.363326,"lat":-22.877866}}},{"name":"Rua Francisco Real esquina Av. Cônego de Vasconcellos - Bangu","description":{"text":"<div><span class=\"l\">Endereço descritivo:</span>&nbsp;Av. Cônego de Vasconcellos - Bangu</div><div><span class=\"l\">AP:</span>&nbsp;5</div><div><span class=\"l\">Status:</span>&nbsp;Sanitários - Instalados e dependendo de ligações CEDAE</div><div><span class=\"l\">Esgoto:</span>&nbsp;Instalar Fossa e filtro</div><div><span class=\"l\">Água:</span>&nbsp;Falta Ligar</div>"},"ilustration":{},"geoResult":{"address":"Bangu, Rio de Janeiro - RJ, Brasil","point":{"lng":-43.46663,"lat":-22.88327}}},{"name":"Rua Senador Camará entre o Bar 24 horas e a Fármacia Rei do Cosmético de Santa Cruz 13 Santa Cruz","description":{"text":"<div><span class=\"l\">Endereço descritivo:</span>&nbsp;Rua Senador Camará, Santa Cruz</div><div><span class=\"l\">AP:</span>&nbsp;5</div><div><span class=\"l\">Status:</span>&nbsp;Sanitários - Instalados e dependendo de ligações CEDAE</div><div><span class=\"l\">Esgoto:</span>&nbsp;Instalar Fossa e filtro</div><div><span class=\"l\">Água:</span>&nbsp;Falta ligar</div>"},"ilustration":{},"geoResult":{"address":"Santa Cruz, Califórnia, USA","point":{"lng":-122.03072,"lat":36.974164}}},{"name":"Av do Magistério 368, Ilha do Governador","description":{"text":"<div><span class=\"l\">Endereço descritivo:</span>&nbsp;Av do Magistério, 368 13 Ilha do Governador</div><div><span class=\"l\">AP:</span>&nbsp;3</div><div><span class=\"l\">Status:</span>&nbsp;Instalados e em funcionamento</div>"},"ilustration":{},"geoResult":{"address":"Av. do Magistério, 368 - Moneró, Rio de Janeiro - RJ, 21920-455, Brasil","point":{"lng":-43.197719,"lat":-22.793975}}},{"name":"Av. Brás de Pina, Penha","description":{"text":"<div><span class=\"l\">Endereço descritivo:</span>&nbsp;Av. Brás de Pina, junto ao calçadão Plínio de Oliveira - Penha</div><div><span class=\"l\">AP:</span>&nbsp;3</div><div><span class=\"l\">Status:</span>&nbsp;Instalados e em funcionamento</div>"},"ilustration":{},"geoResult":{"address":"Av. Brás de Pina - Penha, Rio de Janeiro - RJ, Brasil","point":{"lng":-43.281416,"lat":-22.84028}}},{"name":"Av. Nelson Cardoso 2139, Jacarepaguá","description":{"text":"<div><span class=\"l\">Endereço descritivo:</span>&nbsp;Av. Nelson Cardoso 13 Largo Taquara frente 2139 13 Jacarepaguá</div><div><span class=\"l\">AP:</span>&nbsp;4</div><div><span class=\"l\">Status:</span>&nbsp;Instalados e em funcionamento</div>"},"ilustration":{},"geoResult":{"address":"Av. Nélson Cardoso, 2139 - Taquara, Rio de Janeiro - RJ, 22730-001, Brasil","point":{"lng":-43.372958,"lat":-22.922771}}},{"name":"Praça Manoel Comendador Gomes, Vicente de Carvalho","description":{"text":"<div><span class=\"l\">Endereço descritivo:</span>&nbsp;Av. Vicente de Carvalho (Praça Manoel Comendador Gomes em frente a Casa de Viseu) 13 Vicente de Carvalho</div><div><span class=\"l\">AP:</span>&nbsp;3</div><div><span class=\"l\">Status:</span>&nbsp;Instalados e em funcionamento</div>"},"ilustration":{},"geoResult":{"address":"Vicente de Carvalho, Rio de Janeiro - RJ, Brasil","point":{"lng":-43.317324,"lat":-22.856852}}},{"name":"Estrada Do Galeão 2733, Ilha do Governador","description":{"text":"<div><span class=\"l\">Endereço descritivo:</span>&nbsp;Est. Do Galeão em frente ao nº 2733 - Ilha do Governador</div><div><span class=\"l\">AP:</span>&nbsp;3</div><div><span class=\"l\">Status:</span>&nbsp;Instalados e em funcionamento</div>"},"ilustration":{},"geoResult":{"address":"Estr. do Galeão, 2733 - Portuguesa, Rio de Janeiro - RJ, 21931-387, Brasil","point":{"lng":-43.211207,"lat":-22.805617}}},{"name":"Praça Anhangá, Brás de Pina","description":{"text":"<div><span class=\"l\">Endereço descritivo:</span>&nbsp;Praça Anhangá - Brás de Pina</div><div><span class=\"l\">AP:</span>&nbsp;3</div><div><span class=\"l\">Status:</span>&nbsp;Instalados e em funcionamento</div>"},"ilustration":{},"geoResult":{"address":"Praça Anhangá - Brás de Pina, Rio de Janeiro - RJ, Brasil","point":{"lng":-43.286089,"lat":-22.82635}}},{"name":"Praça Nossa Senhora da Apresentação, Irajá","description":{"text":"<div><span class=\"l\">Endereço descritivo:</span>&nbsp;Praça Nossa Senhora da Apresentação - Irajá</div><div><span class=\"l\">AP:</span>&nbsp;3</div><div><span class=\"l\">Status:</span>&nbsp;Instalados e em funcionamento</div>"},"ilustration":{},"geoResult":{"address":"Praça Ns. da Apresentação - Irajá, Rio de Janeiro - RJ, Brasil","point":{"lng":-43.327463,"lat":-22.831209}}},{"name":"Praça Patriarca, Madureira","description":{"text":"<div><span class=\"l\">Endereço descritivo:</span>&nbsp;Praça Patriarca 13 Madureira</div><div><span class=\"l\">AP:</span>&nbsp;3</div><div><span class=\"l\">Status:</span>&nbsp;Instalados e em funcionamento</div>"},"ilustration":{},"geoResult":{"address":"Praça do Patriarca - Madureira, Rio de Janeiro - RJ, Brasil","point":{"lng":-43.341909,"lat":-22.878079}}},{"name":"Praça Professor Mourão Filho, Bonsucesso","description":{"text":"<div><span class=\"l\">Endereço descritivo:</span>&nbsp;Praça Professor Mourão Filho - Bonsucesso</div><div><span class=\"l\">AP:</span>&nbsp;3</div><div><span class=\"l\">Status:</span>&nbsp;Instalados e em funcionamento</div>"},"ilustration":{},"geoResult":{"address":"Praça Prof. Mourão Filho - Ramos, Rio de Janeiro - RJ, Brasil","point":{"lng":-43.252575,"lat":-22.854959}}},{"name":"Rua Dias da Cruz, Méier","description":{"text":"<div><span class=\"l\">Endereço descritivo:</span>&nbsp;Rua Dias da Cruz em frente ao Banco do Brasil - Méier</div><div><span class=\"l\">AP:</span>&nbsp;3</div><div><span class=\"l\">Status:</span>&nbsp;Instalados e em funcionamento</div>"},"ilustration":{},"geoResult":{"address":"R. Dias da Cruz - Méier, Rio de Janeiro - RJ, Brasil","point":{"lng":-43.285136,"lat":-22.903978}}},{"name":"Rua Felipe Cardoso, Santa Cruz, rio de janeiro","description":{"text":"<div><span class=\"l\">Endereço descritivo:</span>&nbsp;Rua Felipe Cardoso esquina com Rua Dom Pedro Primeiro - Praça Ringue 13 Santa Cruz</div><div><span class=\"l\">AP:</span>&nbsp;5</div><div><span class=\"l\">Status:</span>&nbsp;Instalados e em funcionamento</div>"},"ilustration":{},"geoResult":{"address":"R. Felipe Cardoso - Santa Cruz, Rio de Janeiro - RJ, Brasil","point":{"lng":-43.677186,"lat":-22.927694}}},{"name":"Rua José Maurício 271 - Penha","description":{"text":"<div><span class=\"l\">Endereço descritivo:</span>&nbsp;Rua José Maurício, nº 271 - Penha</div><div><span class=\"l\">AP:</span>&nbsp;3</div><div><span class=\"l\">Status:</span>&nbsp;Instalados e em funcionamento</div>"},"ilustration":{},"geoResult":{"address":"R. José Maurício, 271 - Penha, Rio de Janeiro - RJ, 21070-150, Brasil","point":{"lng":-43.279184,"lat":-22.840216}}},{"name":"Praça dos Cadetes 13 Realengo","description":{"text":"<div><span class=\"l\">Endereço descritivo:</span>&nbsp;Rua Marechal Modestino junto a Praça dos Cadetes 13 Realengo</div><div><span class=\"l\">AP:</span>&nbsp;5</div><div><span class=\"l\">Status:</span>&nbsp;Instalados e em funcionamento</div>"},"ilustration":{},"geoResult":{"address":"Praça dos Cadetes - Realengo, Rio de Janeiro - RJ, Brasil","point":{"lng":-43.432832,"lat":-22.872225}}},{"name":"Praça dos Cadetes 13 Realengo","description":{"text":"<div><span class=\"l\">Endereço descritivo:</span>&nbsp;Rua Marechal Modestino junto a Praça dos Cadetes 13 Realengo</div><div><span class=\"l\">AP:</span>&nbsp;5</div><div><span class=\"l\">Status:</span>&nbsp;Instalados e em funcionamento</div>"},"ilustration":{},"geoResult":{"address":"Praça dos Cadetes - Realengo, Rio de Janeiro - RJ, Brasil","point":{"lng":-43.432843,"lat":-22.872222}}},{"name":"Rua Leopoldina Rego - Penha","description":{"text":"<div><span class=\"l\">Endereço descritivo:</span>&nbsp;Rua Leopoldina Rego junto a Praça do IAPI - Penha</div><div><span class=\"l\">AP:</span>&nbsp;3</div><div><span class=\"l\">Status:</span>&nbsp;Instalados e em funcionamento</div>"},"ilustration":{},"geoResult":{"address":"R. Leopoldina Rêgo - Penha, Rio de Janeiro - RJ, Brasil","point":{"lng":-43.272077,"lat":-22.841917}}},{"name":"Praça Marechal Maurício Cardoso, Ramos","description":{"text":"<div><span class=\"l\">Endereço descritivo:</span>&nbsp;Praça Marechal Maurício Cardoso, esquina com Rua Leopoldina Rego - Ramos</div><div><span class=\"l\">AP:</span>&nbsp;3</div><div><span class=\"l\">Status:</span>&nbsp;Instalados e em funcionamento</div>"},"ilustration":{},"geoResult":{"address":"Praça Mal. Maurício Cardoso - Penha, Rio de Janeiro - RJ, 21021-340, Brasil","point":{"lng":-43.269242,"lat":-22.842247}}},{"name":"Av. Geremário Dantas, Jacarepaguá","description":{"text":"<div><span class=\"l\">Endereço descritivo:</span>&nbsp;Av. Geremário Dantas, Jacarepaguá</div><div><span class=\"l\">AP:</span>&nbsp;4</div><div><span class=\"l\">Status:</span>&nbsp;Sanitários - Instalados e dependendo de ligações CEDAE</div><div><span class=\"l\">Esgoto:</span>&nbsp;Possui rede de esgoto</div><div><span class=\"l\">Observações:</span>&nbsp;21 metros de rede de esgoto DN 150 mm</div><div><span class=\"l\">Água:</span>&nbsp;Falta Ligar</div>"},"ilustration":{},"geoResult":{"address":"Av. Geremário Dantas - Jacarepaguá, Rio de Janeiro - RJ, Brasil","point":{"lng":-43.347329,"lat":-22.938442}}},{"name":"Praça Barão de Taquara 13 Praça Seca - Jacarepaguá","description":{"text":"<div><span class=\"l\">Endereço descritivo:</span>&nbsp;Praça Barão de Taquara 13 Praça Seca - Jacarepaguá</div><div><span class=\"l\">AP:</span>&nbsp;4</div><div><span class=\"l\">Status:</span>&nbsp;Sanitários - Instalados e dependendo de ligações CEDAE</div><div><span class=\"l\">Esgoto:</span>&nbsp;Possui Rede de esgoto</div><div><span class=\"l\">Observações:</span>&nbsp;25 metros de rede de esgoto DN 150 mm</div><div><span class=\"l\">Água:</span>&nbsp;Ligada</div>"},"ilustration":{},"geoResult":{"address":"Praça Barão Taquara - Praça Seca, Rio de Janeiro - RJ, Brasil","point":{"lng":-43.352573,"lat":-22.897154}}},{"name":"Praça Geisa Bôscoli 13 Anil - Jacarepaguá","description":{"text":"<div><span class=\"l\">Endereço descritivo:</span>&nbsp;Praça Geisa Bôscoli - Anil - Jacarepaguá</div><div><span class=\"l\">AP:</span>&nbsp;4</div><div><span class=\"l\">Status:</span>&nbsp;Sanitários - Instalados e dependendo de ligações CEDAE</div><div><span class=\"l\">Esgoto:</span>&nbsp;Possui rede de esgoto</div><div><span class=\"l\">Observações:</span>&nbsp;Aguardando ligação simples Cedae</div><div><span class=\"l\">Água:</span>&nbsp;Falta Ligar</div>"},"ilustration":{},"geoResult":{"address":"Praça Geysa Bôscoli - Anil, Rio de Janeiro - RJ, Brasil","point":{"lng":-43.337102,"lat":-22.952496}}},{"name":"Av. Cônego de Vasconcelos esq. Rua Prof. Clemente Ferreira - Bangu","description":{"text":"<div><span class=\"l\">Endereço descritivo:</span>&nbsp;Rua Prof. Clemente Ferreira - Bangu</div><div><span class=\"l\">AP:</span>&nbsp;5</div><div><span class=\"l\">Status:</span>&nbsp;Sanitários - Instalados e dependendo de ligações CEDAE</div><div><span class=\"l\">Esgoto:</span>&nbsp;Instalar Fossa e filtro</div><div><span class=\"l\">Água:</span>&nbsp;Falta Ligar</div>"},"ilustration":{},"geoResult":{"address":"Bangu, Rio de Janeiro - RJ, Brasil","point":{"lng":-43.466611,"lat":-22.883319}}},{"name":"Calçadão de Campo Grande - Rua Coronel Agostinho - em frente a divisa entre o Banco Bradesco nº 124 e Lojas Americanas nº 106 13 Campo Grande","description":{"text":"<div><span class=\"l\">Endereço descritivo:</span>&nbsp;Rua Coronel Agostinho 124</div><div><span class=\"l\">AP:</span>&nbsp;5</div><div><span class=\"l\">Status:</span>&nbsp;Sanitários - Instalados e dependendo de ligações CEDAE</div><div><span class=\"l\">Esgoto:</span>&nbsp;Instalar Fossa e filtro</div><div><span class=\"l\">Água:</span>&nbsp;Falta Ligar</div>"},"ilustration":{},"geoResult":{"address":"Campo Grande - MS, Brasil","point":{"lng":-54.647713,"lat":-20.443443}}},{"name":"Calçadão de Campo Grande - Rua Coronel Agostinho próximo a esquina com Viúva Dantas - em frente a Maria Tocaia e Drogaria do Povo 13 Campo Grande","description":{"text":"<div><span class=\"l\">Endereço descritivo:</span>&nbsp;Rua Vva Dantas, Campo Grande</div><div><span class=\"l\">AP:</span>&nbsp;5</div><div><span class=\"l\">Status:</span>&nbsp;Sanitários - Instalados e dependendo de ligações CEDAE</div><div><span class=\"l\">Esgoto:</span>&nbsp;Instalar Fossa e filtro</div><div><span class=\"l\">Água:</span>&nbsp;Falta Ligar</div>"},"ilustration":{},"geoResult":{"address":"Campo Grande - MS, Brasil","point":{"lng":-54.647758,"lat":-20.44343}}},{"name":"Praça Orleans 13 Taquara - Jacarepaguá","description":{"text":"<div><span class=\"l\">Endereço descritivo:</span>&nbsp;Praça Orleans 13 Taquara - Jacarepaguá</div><div><span class=\"l\">AP:</span>&nbsp;4</div><div><span class=\"l\">Status:</span>&nbsp;Sanitários - Instalados e dependendo de ligações CEDAE</div><div><span class=\"l\">Esgoto:</span>&nbsp;Fossa e filtro ligado</div><div><span class=\"l\">Observações:</span>&nbsp;Aguardar obra Cedae e extensão de 18 metros</div><div><span class=\"l\">Água:</span>&nbsp;Falta Ligar</div>"},"ilustration":{},"geoResult":{"address":"Jacarepaguá, Rio de Janeiro - RJ, Brasil","point":{"lng":-43.349982,"lat":-22.949989}}},{"name":"Rua Barcellos Domingos em frente ao nº 32 na calçada junto a divisa da entrada do estacionamento e a Loja R. Peixoto Móveis 13 Campo Grande","description":{"text":"<div><span class=\"l\">Endereço descritivo:</span>&nbsp;Rua Barcellos Domingos 32, Campo Grande</div><div><span class=\"l\">AP:</span>&nbsp;5</div><div><span class=\"l\">Status:</span>&nbsp;Sanitários - Instalados e dependendo de ligações CEDAE</div><div><span class=\"l\">Esgoto:</span>&nbsp;Instalar Fossa e filtro</div><div><span class=\"l\">Água:</span>&nbsp;Falta Ligar</div>"},"ilustration":{},"geoResult":{"address":"Campo Grande - MS, Brasil","point":{"lng":-54.6477,"lat":-20.443494}}},{"name":"Rua Viúva Dantas esquina com rua José Ferreira, lado oposto ao Passeio Shopping e ao nº 55 da Rua Viúva Dantas 13 Campo Grande","description":{"text":"<div><span class=\"l\">Endereço descritivo:</span>&nbsp;Rua Vva Dantas 55, Campo Grande</div><div><span class=\"l\">AP:</span>&nbsp;5</div><div><span class=\"l\">Status:</span>&nbsp;Sanitários - Instalados e dependendo de ligações CEDAE</div><div><span class=\"l\">Esgoto:</span>&nbsp;Instalar Fossa e filtro</div><div><span class=\"l\">Água:</span>&nbsp;Falta Ligar</div>"},"ilustration":{},"geoResult":{"address":"Campo Grande - MS, Brasil","point":{"lng":-54.64773,"lat":-20.443428}}}] }