[{"name":"Grupamento de Operacoes Aereas Barra da Tijuca","description":{"text":"Telefone:3399-7886"},"geoResult":{"address":"Avenida Ayrton Senna, 2.541 - Rua B - Hangar 42 - Aeroporto de Jacarepaguá","point":{"lng":-43.370468,"lat":-22.987665}}},{"name":"2º Grupamento Maritimo Barra da Tijuca","description":{"text":"Telefone:2493-1454 / 2493-03"},"geoResult":{"address":"Avenida Lúcio Costa, s/n","point":{"lng":-43.304287,"lat":-23.015064}}},{"name":"Corpo de Bombeiros Barra de Guaratiba","description":{"text":"Telefone:2410-8044"},"geoResult":{"address":"Estrada Barra de Guaratiba, 9.748","point":{"lng":-43.540886,"lat":-23.005737}}},{"name":"Corpo de Bombeiros Distrito Industrial de Santa Cruz","description":{"text":"Telefone:3399-5970"},"geoResult":{"address":"Rua Átila Temporal, s/n - Quadra 16","point":{"lng":-43.756874,"lat":-22.891733}}},{"name":"Corpo de Bombeiros Recreio dos Bandeirantes","description":{"text":"Telefone:3399-7898"},"geoResult":{"address":"Avenida das Américas, s/n","point":{"lng":-43.436768,"lat":-23.006405}}},{"name":"13º Grupamento de Bombeiro Militar Campo Grande","description":{"text":"Telefone:3394-1234"},"geoResult":{"address":"Avenida Cesário de Melo, 3.226","point":{"lng":-43.562778,"lat":-22.907396}}},{"name":"Corpo de Bombeiros Ramos","description":{"text":"Telefone:2260-1234"},"geoResult":{"address":"Rua Euclides Farias, 139","point":{"lng":-43.264362,"lat":-22.855652}}},{"name":"Corpo de Bombeiros Paqueta","description":{"text":"Telefone:3397-0300"},"geoResult":{"address":"Praia das Moreninhas, s/n","point":{"lng":-43.111183,"lat":-22.754944}}},{"name":"1º Grupamento de Busca e Salvamento","description":{"text":"Telefone:3325-1234"},"geoResult":{"address":"Avenida Ayrton Senna, 2.001","point":{"lng":-43.366333,"lat":-22.992855}}},{"name":"Corpo de Bombeiros Benfica","description":{"text":"Telefone:3890-1234"},"geoResult":{"address":"Avenida Dom Helder Câmara, 9","point":{"lng":-43.240108,"lat":-22.892284}}},{"name":"Grupamento Tecnico de Suprimento de Agua em Incendios - Caju","description":{"text":"Telefone:2580-1234"},"geoResult":{"address":"Rua Monsenhor Manoel Gomes, s/n","point":{"lng":-43.219421,"lat":-22.888163}}},{"name":"8º Grupamento de Bombeiro Militar - Campinho","description":{"text":"Telefone:3390-1234"},"geoResult":{"address":"Rua Domingos Lopes, 336","point":{"lng":-43.341396,"lat":-22.880043}}},{"name":"17º Grupamento de Bombeiro Militar Copacabana","description":{"text":"Telefone:2547-1234"},"geoResult":{"address":"Rua Xavier da Silveira, 120","point":{"lng":-43.193562,"lat":-22.976057}}},{"name":"Corpo de Bombeiros Ilha do Governador","description":{"text":"Telefone:3393-1234"},"geoResult":{"address":"Estrada do Galeão, s/n","point":{"lng":-43.197552,"lat":-22.807545}}},{"name":"Corpo de Bombeiros Iraja","description":{"text":"Telefone:3399-6957"},"geoResult":{"address":"Avenida Brasil, 19.001","point":{"lng":-43.336555,"lat":-22.826092}}},{"name":"12º Grupamento de Bombeiro Militar Jacarepagua","description":{"text":"Telefone:3392-1234"},"geoResult":{"address":"Rua Henriqueta, 99","point":{"lng":-43.357986,"lat":-22.919605}}},{"name":"2º Grupamento de Bombeiro Militar - Meier","description":{"text":"Telefone:2501-1234"},"geoResult":{"address":"Rua Aristides Caire, 56","point":{"lng":-43.278027,"lat":-22.899624}}},{"name":"Corpo de Bombeiros Penha","description":{"text":"Telefone:2290-1234"},"geoResult":{"address":"Avenida Nossa Senhora da Penha, 25","point":{"lng":-43.279179,"lat":-22.843472}}},{"name":"Corpo de Bombeiros Praca da Bandeira","description":{"text":"Telefone:2273-1234"},"geoResult":{"address":"Praca da Bandeira, 156","point":{"lng":-43.214252,"lat":-22.910482}}},{"name":"Corpo de Bombeiros Realengo","description":{"text":"Telefone:3331-1234"},"geoResult":{"address":"Rua General Sezefredo, 449","point":{"lng":-43.434925,"lat":-22.880013}}},{"name":"Corpo de Bombeiros Santa Teresa","description":{"text":"Telefone:3399-7956"},"geoResult":{"address":"Rua Almirante Alexandrino, 3.596","point":{"lng":-43.204159,"lat":-22.936552}}},{"name":"1º Grupamento de Bombeiro Militar - Humaita","description":{"text":"Telefone:2538--1234"},"geoResult":{"address":"Rua Humaitá, 126","point":{"lng":-43.199291,"lat":-22.957476}}},{"name":"Quartel do Comando Geral do CBMERJ","description":{"text":"Telefone:3399-4069"},"geoResult":{"address":"Praça da República, 45","point":{"lng":-43.187283,"lat":-22.908846}}},{"name":"11º Grupamento de Bombeiro Militar - Vila Isabel","description":{"text":"Telefone:2569-4326"},"geoResult":{"address":"Rua Oito de Dezembro, 456","point":{"lng":-43.241421,"lat":-22.910351}}},{"name":"Corpo de Bombeiros Tijuca","description":{"text":"Telefone:2570-8234"},"geoResult":{"address":"Rua Antonio Basílio, 610","point":{"lng":-43.239574,"lat":-22.928389}}},{"name":"Corpo de Bombeiros Gavea","description":{"text":"Telefone:2274-1234"},"geoResult":{"address":"Rua Major Rubens Vaz, 194","point":{"lng":-43.226048,"lat":-22.972414}}},{"name":"Grupamento de Socorro de Emergencia","description":{"text":"Telefone:2285-6386"},"geoResult":{"address":"Praca São Salvador, 4","point":{"lng":-43.179813,"lat":-22.933733}}},{"name":"Corpo de Bombeiros Grajau","description":{"text":"Telefone:2576-6234"},"geoResult":{"address":"Rua Marechal Jofre, 80","point":{"lng":-43.265362,"lat":-22.918692}}},{"name":"Corpo de Bombeiros Parada de Lucas","description":{"text":"Telefone:2485-1234"},"geoResult":{"address":"Avenida Brasil, 13.350","point":{"lng":-43.295532,"lat":-22.813959}}},{"name":"Corpo de Bombeiros Santa Cruz","description":{"text":"Telefone:3395-1234"},"geoResult":{"address":"Praça Ruão, s/no","point":{"lng":-43.684711,"lat":-22.914223}}},{"name":"Corpo de Bombeiros Aeroporto Santos Dumont","description":{"text":"Telefone:3814-7421"},"geoResult":{"address":"Praca Senador Salgado Filho, s/n","point":{"lng":-43.167934,"lat":-22.911509}}},{"name":"Corpo de Bombeiros Praia de Ramos","description":{"text":"Telefone:2560-3565"},"geoResult":{"address":"Avenida Guanabara, s/n","point":{"lng":-43.249664,"lat":-22.841448}}},{"name":"Corpo de Bombeiros Ilha do Fundao","description":{"text":"Telefone:38858062"},"geoResult":{"address":"Avenida Brigadeiro Trompowski, s/n","point":{"lng":-43.232185,"lat":-22.840303}}},{"name":"3º Grupamento Maritimo Copacabana","description":{"text":"Telefone:2287-2121 / 2287-679"},"geoResult":{"address":"Praca Eugenio Franco, 2","point":{"lng":-43.18795,"lat":-22.986164}}},{"name":"Corpo de Bombeiros Maracana","description":{"text":"Telefone:3872-8196"},"geoResult":{"address":"Rua Eurico Rabelo, Portão 15 - Estádio do Maracanã","point":{"lng":-43.231091,"lat":-22.91346}}},{"name":"1º Grupamento Maritimo Botafogo","description":{"text":"Telefone:2295-8585"},"geoResult":{"address":"Rua Reporter Nestor Moreira, 11","point":{"lng":-43.178654,"lat":-22.949286}}},{"name":"Corpo de Bombeiros Lagoa","description":{"text":"Telefone:2274-2294"},"geoResult":{"address":"Avenida Borges de Medeiros, 1.444","point":{"lng":-43.21777,"lat":-22.974325}}},{"name":"1º Grupamento de Socorro Florestal e Meio Ambiente","description":{"text":"Telefone:2287-2121 / 2287-679"},"geoResult":{"address":"Rua Alto da Boa Vista, 196","point":{"lng":-43.277851,"lat":-22.966089}}}] 