{"error":0,"message":"Admin data fetch successfully","data":[{"name":"DRF - Delegacia de Roubos e Furtos","description":{"text":"Telefone:2233-2701"},"geoResult":{"address":"Praca Maua, 5 - Centro","point":{"lng":-43.181976,"lat":-22.896893}}},{"name":"DRE - Delegacia de Repressao a Entorpecentes","description":{"text":"Telefone:2399-3291"},"geoResult":{"address":"Avenida Suburbana, 6.860 - Piedade","point":{"lng":-43.295223,"lat":-22.881887}}},{"name":"DEAC - Delegacia Especial de Acervo Cartorário","description":{"text":"Telefone:2224-4493"},"geoResult":{"address":"Rua do Lavradio, 155 - Lapa","point":{"lng":-43.181915,"lat":-22.912577}}},{"name":"DELTRAN - Delegacia Especial de Transito","description":{"text":"Telefone:2399-3250"},"geoResult":{"address":"Rua Silvino Montenegro, 1 / 4º andar - Gamboa","point":{"lng":-43.190773,"lat":-22.893183}}},{"name":"DELFAZ - Delegacia de Policia Fazendaria","description":{"text":"Telefone:2399-3658"},"geoResult":{"address":"Rua Silvino Montenegro, 1 / 4º andar - Gamboa","point":{"lng":-43.190834,"lat":-22.893406}}},{"name":"DH - Delegacia de Homicidios","description":{"text":"Telefone:2242-1938 / 2399-3600 / 2399-3601"},"geoResult":{"address":"Rua da Relacao, 42 / 7º andar - Centro","point":{"lng":-43.184345,"lat":-22.91024}}},{"name":"DMMA - Delegacia Movel de Meio Ambiente","description":{"text":"Telefone:2399-7191"},"geoResult":{"address":"Praca Desembargador Araujo Jorge, s/n","point":{"lng":-43.296944,"lat":-23.010885}}},{"name":"DRCI - Delegacia de Repressao aos Crimes de Informatica","description":{"text":"Telefone:3399-3201 / 3399-3202"},"geoResult":{"address":"Rua da Relacao, 42 / 8º andar - Centro","point":{"lng":-43.184326,"lat":-22.91029}}},{"name":"1º DP - Praca Maua","description":{"text":"Telefone:3399-5000"},"geoResult":{"address":"Praca Maua, 5 / 2º andar","point":{"lng":-43.18198,"lat":-22.896904}}},{"name":"4º DP - Central do Brasil","description":{"text":"Telefone:3399-5010"},"geoResult":{"address":"Praca da Republica, 111","point":{"lng":-43.18977,"lat":-22.908216}}},{"name":"5º DP - Mem de Sa","description":{"text":"Telefone:3399-5050"},"geoResult":{"address":"Avenida Gomes Freire, 320","point":{"lng":-43.184322,"lat":-22.910038}}},{"name":"6º DP - Cidade Nova","description":{"text":"Telefone:3399-5020"},"geoResult":{"address":"Rua Professor Clementino Fraga, 77","point":{"lng":-43.196163,"lat":-22.908819}}},{"name":"7º DP - Santa Tereza","description":{"text":"Telefone:3399-5070"},"geoResult":{"address":"Rua Francisco de Castro, 5","point":{"lng":-43.187237,"lat":-22.92424}}},{"name":"10º DP - Botafogo","description":{"text":"Telefone:3399-7110"},"geoResult":{"address":"Rua Bambina, 140","point":{"lng":-43.186169,"lat":-22.947844}}},{"name":"12º DP - Copacabana","description":{"text":"Telefone:3399-7070"},"geoResult":{"address":"Rua Hilario de Gouveia, 102","point":{"lng":-43.184448,"lat":-22.967484}}},{"name":"13º DP - Ipanema","description":{"text":"Telefone:3399-7090"},"geoResult":{"address":"Avenida Nossa Senhora de Copacabana, 1.260","point":{"lng":-43.191078,"lat":-22.982761}}},{"name":"15º DP - Gavea","description":{"text":"Telefone:3399-7040"},"geoResult":{"address":"Rua Major Rubens Vaz, 170","point":{"lng":-43.225838,"lat":-22.972284}}},{"name":"16º DP - Barra da Tijuca","description":{"text":"Telefone:3399-7140"},"geoResult":{"address":"Rua General Ivan Raposo, s/no","point":{"lng":-43.314167,"lat":-23.012333}}},{"name":"14º DP - Leblon","description":{"text":"Telefone:3399-7120"},"geoResult":{"address":"Rua Humberto de Campos, 315","point":{"lng":-43.218605,"lat":-22.981733}}},{"name":"17º DP - Sao Cristovao","description":{"text":"Telefone:3399-5030"},"geoResult":{"address":"Rua Sao Cristovao, 309","point":{"lng":-43.2187,"lat":-22.904377}}},{"name":"18º DP - Praca da Bandeira","description":{"text":"Telefone:3399-5040"},"geoResult":{"address":"Rua Barao de Iguatemi, 331","point":{"lng":-43.214405,"lat":-22.91316}}},{"name":"19º DP - Tijuca","description":{"text":"Telefone:3399-5080"},"geoResult":{"address":"Rua General Espirito Santo Cardoso, 208","point":{"lng":-43.24469,"lat":-22.93058}}},{"name":"20º DP - Vila Isabel","description":{"text":"Telefone:3399-5090"},"geoResult":{"address":"Rua Leopoldo, 280","point":{"lng":-43.251999,"lat":-22.927748}}},{"name":"21º DP - Bonsucesso","description":{"text":"Telefone:3399-6110"},"geoResult":{"address":"Avenida dos Democraticos, 1322","point":{"lng":-43.258305,"lat":-22.872635}}},{"name":"22º DP - Penha","description":{"text":"Telefone:3399-6220"},"geoResult":{"address":"Avenida Lobo Junior, 750","point":{"lng":-43.276077,"lat":-22.827984}}},{"name":"23º DP - Meier","description":{"text":"Telefone:3399-6330"},"geoResult":{"address":"Rua Aristides Caire, 80","point":{"lng":-43.277866,"lat":-22.899025}}},{"name":"25º DP - Engenho Novo","description":{"text":"Telefone:3399-6250"},"geoResult":{"address":"Rua Vinte e Quatro de Maio, 983","point":{"lng":-43.268986,"lat":-22.903183}}},{"name":"24º DP - Todos os Santos","description":{"text":"Telefone:3399-6260"},"geoResult":{"address":"Rua Adriano, 304","point":{"lng":-43.29031,"lat":-22.902424}}},{"name":"27º DP - Vicente de Carvalho","description":{"text":"Telefone:3399-6270"},"geoResult":{"address":"Avenida Meriti, 486","point":{"lng":-43.307915,"lat":-22.85346}}},{"name":"28º DP - Campinho","description":{"text":"Telefone:3399-6280"},"geoResult":{"address":"Rua Candido Benicio, 727","point":{"lng":-43.346085,"lat":-22.889305}}},{"name":"29º DP - Madureira","description":{"text":"Telefone:3399-6290"},"geoResult":{"address":"Avenida Ministro Edgard Romero, 227","point":{"lng":-43.336205,"lat":-22.871433}}},{"name":"30º DP - Marechal Hermes","description":{"text":"Telefone:3399-6300"},"geoResult":{"address":"Rua General Oswaldo Cordeiro de Faria, 340","point":{"lng":-43.373402,"lat":-22.864317}}},{"name":"37º DP - Ilha do Governador","description":{"text":"Telefone:3393-5211"},"geoResult":{"address":"Estrada do Galeao, 1.365","point":{"lng":-43.196739,"lat":-22.80829}}},{"name":"38º DP - Irajá","description":{"text":"Telefone:3399-6380"},"geoResult":{"address":"Avenida Bras de Pina, 1.115","point":{"lng":-43.301193,"lat":-22.840784}}},{"name":"40º DP - Honorio Gurgel","description":{"text":"Telefone:3399-6400"},"geoResult":{"address":"Rua Guarama, 40 - n. porta= 15","point":{"lng":-43.349026,"lat":-22.840567}}},{"name":"34º DP - Bangu","description":{"text":"Telefone:3399-5640"},"geoResult":{"address":"Rua Sabogi, 51","point":{"lng":-43.46312,"lat":-22.874491}}},{"name":"32º DP - Jacarepagua","description":{"text":"Telefone:3399-7160"},"geoResult":{"address":"Rua Henriqueta, 197","point":{"lng":-43.358593,"lat":-22.91972}}},{"name":"35º DP - Campo Grande","description":{"text":"Telefone:3399-5650"},"geoResult":{"address":"Avenida Maria Tereza, Lt 8/9/10","point":{"lng":-43.56649,"lat":-22.90432}}},{"name":"39º DP - Pavuna","description":{"text":"Telefone:3399-6390"},"geoResult":{"address":"Rua Sargento de Milicias, s/n","point":{"lng":-43.363773,"lat":-22.805235}}},{"name":"31º DP - Ricardo de Albuquerque","description":{"text":"Telefone:3399-6310"},"geoResult":{"address":"Avenida Marechal Alencastro, 4933 - QD. B","point":{"lng":-43.403484,"lat":-22.824648}}},{"name":"33º DP - Realengo","description":{"text":"Telefone:3399-5630"},"geoResult":{"address":"Rua Bernardo de Vasconcelos, 1780","point":{"lng":-43.43692,"lat":-22.875723}}},{"name":"36º DP - Santa Cruz","description":{"text":"Telefone:3399-5660"},"geoResult":{"address":"Avenida Dom Joao VI, 67","point":{"lng":-43.684471,"lat":-22.914433}}},{"name":"DAS - Divisao Anti-Sequestro","description":{"text":"Telefone:2259-9477"},"geoResult":{"address":"Avenida Afranio de Melo Franco, 159 - Leblon","point":{"lng":-43.218399,"lat":-22.98173}}},{"name":"DC Polinter - Divisao de Captura de Policia","description":{"text":"Telefone:2399-3780"},"geoResult":{"address":"Rua Silvino Montenegro, 1 / 2º andar - Gamboa","point":{"lng":-43.190777,"lat":-22.893225}}},{"name":"DDEF - Delegacia de Defraudacoes","description":{"text":"Telefone:2399-3671"},"geoResult":{"address":"Rua Silvino Montenegro, 1 / 4º andar - Gamboa","point":{"lng":-43.190807,"lat":-22.893303}}},{"name":"DEAM Rio - Delegacia Especial de Atendimento a Mulher","description":{"text":"Telefone:2399-3690"},"geoResult":{"address":"Rua Silvino Montenegro, 1 / 3º andar - Gamboa","point":{"lng":-43.190819,"lat":-22.893372}}},{"name":"DEAM Rio-Oeste - Delegacia Especial de Atendimento a Mulher","description":{"text":"Telefone:2232-1262"},"geoResult":{"address":"Avenida Cesario de Mello, 4.138 - Campo Grande","point":{"lng":-43.571419,"lat":-22.906878}}},{"name":"DEAPTI - Delegacia Especial de Atendimento a Pessoas da Terceira Idade","description":{"text":"Telefone:2232-1262"},"geoResult":{"address":"Rua da Relacao, 42 - terreo - Centro","point":{"lng":-43.184425,"lat":-22.910271}}},{"name":"DEAT - Delegacia de Atendimento ao Turista","description":{"text":"Telefone:2399-7170 / 2511-5767 / 2511-5881"},"geoResult":{"address":"Avenida Afranio de Mello Franco, s/n - Leblon","point":{"lng":-43.218388,"lat":-22.981726}}},{"name":"DPCA - Delegacia de Protecao a Crianca e ao Adolescente","description":{"text":"Telefone:2399--3680"},"geoResult":{"address":"Rua Benedito Hipolito, 163 / 2º andar - Cidade Nova","point":{"lng":-43.198883,"lat":-22.908924}}},{"name":"DRCCSP - Delegacia de Repressao a Crimes contra a Saude Publica","description":{"text":"Telefone:2399-3372 / 2399-3379"},"geoResult":{"address":"Avenida Graca Aranha, 169 - terreo - Centro","point":{"lng":-43.174824,"lat":-22.908236}}},{"name":"DRFC - Delegacia de Roubos e Furtos de Cargas","description":{"text":"Telefone:2399-3800 / 2474-2441"},"geoResult":{"address":"Praca Alencastro Guimaraes, 86 - Pavuna","point":{"lng":-43.35479,"lat":-22.817083}}},{"name":"DRFVAT - Delegacia de Roubos e Furtos de Veiculos","description":{"text":"Telefone:2399-3638"},"geoResult":{"address":"Rua Celio Nascimento, 33 - Benfica","point":{"lng":-43.236015,"lat":-22.88892}}},{"name":"DSD - Delegacia Supervisora de Dia","description":{"text":"Telefone:2399-3024"},"geoResult":{"address":"Rua da Relacao, 42 - terreo - Centro","point":{"lng":-43.184383,"lat":-22.910305}}}] }