{"error":0,"message":"Admin data fetch successfully","data":[{"name":"Rio Centro-Pavilhão 3","description":{"link":["http://www.transparenciaolimpica.com.br/georef/pavilhao3.html"]},"geoResult":{"point":{"lng":-43.412236,"lat":-22.976836}},"taxonomies":[{"type":"Modalidade","value":"Tênis de Mesa"}]},{"name":"Rio Centro-Pavilhão 4","description":{"link":["http://www.transparenciaolimpica.com.br/georef/pavilhao4.html"]},"geoResult":{"point":{"lng":-43.413003,"lat":-22.978627}},"taxonomies":[{"type":"Modalidade","value":"Badminton"}]},{"name":"Rio Centro-Pavilhão 2","description":{"link":["http://www.transparenciaolimpica.com.br/georef/pavilhao2.html"]},"geoResult":{"point":{"lng":-43.411123,"lat":-22.975467}},"taxonomies":[{"type":"Modalidade","value":"Boxe Olímpico"}]},{"name":"Centro Aquático Maria Lenk","description":{"link":["http://www.transparenciaolimpica.com.br/georef/marialenk.html"]},"geoResult":{"point":{"lng":-43.387582,"lat":-22.97388}},"taxonomies":[{"type":"Modalidade","value":"Pólo Aquático"},{"type":"Modalidade","value":"Saltos Ornamentais"}]},{"name":"Centro Olímpico de Hóquei","description":{"link":["http://www.transparenciaolimpica.com.br/georef/cohockey.html"]},"geoResult":{"point":{"lng":-43.395618,"lat":-22.974964}},"taxonomies":[{"type":"Modalidade","value":"Hóquei"},{"type":"Modalidade","value":"(Para)Futebol"}]},{"name":"Velódromo Olímpico do Rio","description":{"link":["http://www.transparenciaolimpica.com.br/georef/velodromo.html"]},"geoResult":{"point":{"lng":-43.394247,"lat":-22.979691}},"taxonomies":[{"type":"Modalidade","value":"Ciclismo - pista"},{"type":"Modalidade","value":"(Para)Ciclismo-pista"}]},{"name":"Vila dos Atletas","description":{"link":["http://www.transparenciaolimpica.com.br/georef/vatletas.html"]},"geoResult":{"point":{"lng":-43.414694,"lat":-22.983528}},"taxonomies":[{"type":"Modalidade","value":""}]},{"name":"Parque dos Atletas","description":{"link":["http://www.transparenciaolimpica.com.br/georef/pqatletas.html"]},"geoResult":{"point":{"lng":-43.406912,"lat":-22.980261}},"taxonomies":[{"type":"Modalidade","value":""}]},{"name":"Centro Nacional de Hipismo","description":{"link":["http://www.transparenciaolimpica.com.br/georef/cnhipismo.html"]},"geoResult":{"point":{"lng":-43.404229,"lat":-22.871422}},"taxonomies":[{"type":"Modalidade","value":"Hipismo"},{"type":"Modalidade","value":"(Para)Hipismo"}]},{"name":"Centro Nacional de Tiro","description":{"link":["http://www.transparenciaolimpica.com.br/georef/cntiro.html"]},"geoResult":{"point":{"lng":-43.41225,"lat":-22.858563}},"taxonomies":[{"type":"Modalidade","value":"Tiro Esportivo"},{"type":"Modalidade","value":"(Para)Tiro Esportivo"}]},{"name":"Arena de Deodoro","description":{"link":["http://www.transparenciaolimpica.com.br/georef/arenadeodoro.html"]},"geoResult":{"point":{"lng":-43.402011,"lat":-22.858288}},"taxonomies":[{"type":"Modalidade","value":"Esgrima"},{"type":"Modalidade","value":"(Para)Esgrima"}]},{"name":"Parque Pentatlo Moderno de Deodoro","description":{"link":["http://www.transparenciaolimpica.com.br/georef/pqpentatlodeodoro.html"]},"geoResult":{"point":{"lng":-43.404583,"lat":-22.860027}},"taxonomies":[{"type":"Modalidade","value":"Pentatlo Moderno"}]},{"name":"Parque Olímpico de Mountain Bike","description":{"link":["http://www.transparenciaolimpica.com.br/georef/pobike.html"]},"geoResult":{"point":{"lng":-43.4085,"lat":-22.852093}},"taxonomies":[{"type":"Modalidade","value":"Mountain Bike"}]},{"name":"Centro Olímpico de BMX","description":{"link":["http://www.transparenciaolimpica.com.br/georef/cobmx.html"]},"geoResult":{"point":{"lng":-43.39979,"lat":-22.851338}},"taxonomies":[{"type":"Modalidade","value":"Ciclismo (BMX)"}]},{"name":"Estádio Olímpico de Canoagem Slalom","description":{"link":["http://www.transparenciaolimpica.com.br/georef/eocanoaslalom.html"]},"geoResult":{"point":{"lng":-43.403191,"lat":-22.846804}},"taxonomies":[{"type":"Modalidade","value":"Canoagem(slalom)"}]},{"name":"Lagoa Rodrigo de Freitas","description":{"link":["http://www.transparenciaolimpica.com.br/georef/lagoarf.html"]},"geoResult":{"point":{"lng":-43.216246,"lat":-22.977042}},"taxonomies":[{"type":"Modalidade","value":"(Para)Remo/Canoagem"},{"type":"Modalidade","value":"Remo/Canoagem Vel."}]},{"name":"Estádio de Copacabana","description":{"link":["http://www.transparenciaolimpica.com.br/georef/estcopacabana.html"]},"geoResult":{"point":{"lng":-43.1696,"lat":-22.964186}},"taxonomies":[{"type":"Modalidade","value":"Vôlei de Praia"}]},{"name":"Forte de Copacabana","description":{"link":["http://www.transparenciaolimpica.com.br/georef/fortecopacabana.html"]},"geoResult":{"point":{"lng":-43.187558,"lat":-22.985422}},"taxonomies":[{"type":"Modalidade","value":"Maratona Aquática"},{"type":"Modalidade","value":"Triatlhon"}]},{"name":"Marina da Glória","description":{"link":["http://www.transparenciaolimpica.com.br/georef/marinagloria.html"]},"geoResult":{"point":{"lng":-43.170586,"lat":-22.916638}},"taxonomies":[{"type":"Modalidade","value":"(Para)Vela"},{"type":"Modalidade","value":"Vela"}]},{"name":"Parque do Flamengo","description":{"link":["http://www.transparenciaolimpica.com.br/georef/pqflamengo.html"]},"geoResult":{"point":{"lng":-43.17318,"lat":-22.931405}},"taxonomies":[{"type":"Modalidade","value":"Marcha atlética"},{"type":"Modalidade","value":"(Para)Marcha atlét"},{"type":"Modalidade","value":"(Para)Ciclismo estr"},{"type":"Modalidade","value":"Ciclismo - estrada"}]},{"name":"Sambódromo","description":{"link":["http://www.transparenciaolimpica.com.br/georef/sambodromo.html"]},"geoResult":{"point":{"lng":-43.196302,"lat":-22.911179}},"taxonomies":[{"type":"Modalidade","value":"Tiro com Arco"},{"type":"Modalidade","value":"Maratona"},{"type":"Modalidade","value":"(Para)Tiro com Arco"}]},{"name":"Estádio Olímpico João Havelange","description":{"link":["http://www.transparenciaolimpica.com.br/georef/estjoaohavelange.html"]},"geoResult":{"point":{"lng":-43.291925,"lat":-22.89282}},"taxonomies":[{"type":"Modalidade","value":"Atletismo"},{"type":"Modalidade","value":"(Para)Atletismo"}]},{"name":"Estáio Maracanã","description":{"link":["http://www.transparenciaolimpica.com.br/georef/maracana.html"]},"geoResult":{"point":{"lng":-43.229615,"lat":-22.911792}},"taxonomies":[{"type":"Modalidade","value":"Cerimônias"},{"type":"Modalidade","value":"Futebol"}]},{"name":"Porto Olímpico - Acomodações e Operações","description":{"link":["http://www.transparenciaolimpica.com.br/georef/portoolimpico.html"]},"geoResult":{"point":{"lng":-43.210515,"lat":-22.903577}},"taxonomies":[{"type":"Modalidade","value":""}]},{"name":"Estádio São Januário","description":{"link":["http://www.transparenciaolimpica.com.br/georef/estsaojanuario.html"]},"geoResult":{"point":{"lng":-43.22789,"lat":-22.89044}},"taxonomies":[{"type":"Modalidade","value":"Rugby"}]},{"name":"Arena Olímpica do Rio","description":{"link":["http://www.transparenciaolimpica.com.br/georef/arenaorio.html"]},"geoResult":{"point":{"lng":-43.390063,"lat":-22.97512}},"taxonomies":[{"type":"Modalidade","value":"Ginástica Artística"},{"type":"Modalidade","value":"Trampolim"},{"type":"Modalidade","value":"Ginástica Rítmica"},{"type":"Modalidade","value":"(Para)Natação"}]},{"name":"Ginásio Maracanãzinho","description":{"link":["http://www.transparenciaolimpica.com.br/georef/maracanazinho.html"]},"geoResult":{"point":{"lng":-43.228853,"lat":-22.913429}},"taxonomies":[{"type":"Modalidade","value":"Voleibol"}]},{"name":"Rio Centro-Pavilhão 6","description":{"link":["http://www.transparenciaolimpica.com.br/georef/pavilhao6.html"]},"geoResult":{"point":{"lng":-43.414225,"lat":-22.977836}},"taxonomies":[{"type":"Modalidade","value":"Levatamento de Peso"},{"type":"Modalidade","value":"(Para)Halterofilismo"}]},{"name":"Estádio Olímpico de Desportos Aquáticos","description":{"link":["http://www.transparenciaolimpica.com.br/georef/eodaquatico.html"]},"geoResult":{"point":{"lng":-43.391706,"lat":-22.975913}},"taxonomies":[{"type":"Modalidade","value":"Nado Sincronizado"},{"type":"Modalidade","value":"Natação"}]},{"name":"Parque Olímpico - Hall 1","description":{"link":["http://www.transparenciaolimpica.com.br/georef/cothall1.html"]},"geoResult":{"point":{"lng":-43.394497,"lat":-22.974398}},"taxonomies":[{"type":"Modalidade","value":"Basquetebol"},{"type":"Modalidade","value":"(Para)Basquetebol"},{"type":"Modalidade","value":"(Para)Rugby"}]},{"name":"Parque Olímpico - Hall 2","description":{"link":["http://www.transparenciaolimpica.com.br/georef/cothall2.html"]},"geoResult":{"point":{"lng":-43.394764,"lat":-22.97439}},"taxonomies":[{"type":"Modalidade","value":"Judô"},{"type":"Modalidade","value":"Taekwondo"},{"type":"Modalidade","value":"(Para)Judô"},{"type":"Modalidade","value":"(Para)Bocha"}]},{"name":"Parque Olímpico - Hall 3","description":{"link":["http://www.transparenciaolimpica.com.br/georef/cothall3.html"]},"geoResult":{"point":{"lng":-43.395147,"lat":-22.974399}},"taxonomies":[{"type":"Modalidade","value":"Lutas"},{"type":"Modalidade","value":"(Para)Voleibol"}]},{"name":"Parque Olímpico - Hall 4","description":{"link":["http://www.transparenciaolimpica.com.br/georef/cothall4.html"]},"geoResult":{"point":{"lng":-43.395427,"lat":-22.974381}},"taxonomies":[{"type":"Modalidade","value":"Handebol"},{"type":"Modalidade","value":"(Para)GoalBall"}]},{"name":"Centro Olímpico de Tênis","description":{"link":["http://www.transparenciaolimpica.com.br/georef/cotenis.html"]},"geoResult":{"point":{"lng":-43.394049,"lat":-22.9758}},"taxonomies":[{"type":"Modalidade","value":"(Para)Tênis"},{"type":"Modalidade","value":"Tênis"}]}] }