﻿{"error":0,"message":"Admin data fetch successfully","data":[{"name":"Barra da Tijuca","description":{"short_text":"Maior praia carioca, estende-se ao longo da Av. Sernambetiba até o Recreio. Possui 14,4 km de extensão.","text":"A praia da Barra da Tijuca é a maior praia do estado do Rio de\r\nJaneiro, com 14,4 Km de comprimento. Suas águas esverdeadas e límpidas\r\nestendem-se ao longo da avenida Sernambetiba até o Recreio dos\r\nBandeirantes. Logo no início fica a barraca do Pepê, mais famosa\r\nbarraca de sucos e sanduíches da cidade e point dos jovens que moram no\r\nbairro. Praia ideal para a prática do surfe, windsurfe, bodyboarding e\r\npesca de beira. Ainda possui muitos bares, restaurantes e quiosques,\r\niluminação noturna e ciclovia. A partir da Avenida Ayrton Senna a praia\r\nnão possui calçadão, por ser uma região de preservação ambiental. Nas\r\nimediações, situa-se a Reserva Biológica de Marapendi. \r\n"},"files":[{"file":"http://www.rioguiaoficial.com.br/sites/default/files/barra_da_tijuca_0.jpg"}],"taxonomies":[{"type":"Zona Oeste"}]},{"name":"Abricó","description":{"short_text":"Única praia naturista do Rio de Janeiro, está situada na área de\r\nProteção Ambiental de Grumari e possui aproximadamente 1,5 Km de\r\nextensão.","text":"Única praia naturista do Rio de Janeiro, está situada na área de\r\nProteção Ambiental de Grumari e possui aproximadamente 1,5 Km de\r\nextensão. \r\n \r\nPraia de águas cristalinas, cercada por montanhas e vegetação\r\ntropical. A praia do Abricó fica em Grumari, na Barra da Tijuca, na\r\nzona Oeste da cidade, localizada dentro da reserva biológica do Parque\r\nMunicipal de Grumari, após a Prainha e a praia de Grumari, é atualmente\r\na única praia destinada à prática do naturismo em toda a cidade. Está\r\nafiliada oficialmente à Federação Brasileira de Naturismo (FBrN).\r\nApesar dos meios de transportes coletivos deixarem seus passageiros\r\na cerca de 5 km da praia, existe uma estrada asfaltada que possibilita\r\no acesso até bem próximo à praia.\r\nPrivilegiada por sua geografia, cercada de montanhas e de\r\nincomparável beleza natural, torna escondida a praia que fica quase\r\nsecreta."},"files":[{"file":"http://www.rioguiaoficial.com.br/sites/default/files/abrico.jpg"}],"geoResult":{"point":{"lat":-23.049644,"lng":-43.526888},"neighbourhood":"Barra da Tijuca","address":"grumari"},"taxonomies":[{"type":"Zona Oeste"}]},{"name":"Barra de Guaratiba","description":{"short_text":"Situa-se em região de reserva ecológica, entre restinga de marambaia, manguezais e mata atlântica.","text":"Situa-se em região de reserva ecológica, entre restinga de marambaia, manguezais e mata atlântica. \r\n \r\nNo lado direito de sua pequena orla, começa a belíssima restinga de\r\nMarambaia acesso restrito por ser área militar. A praia possui águas\r\ncalmas e conta com estrutura de casas, bares e um morro urbanizado. O\r\nacesso é feito pela estrada Roberto Burle Marx ou estrada da Barra de\r\nGuaratiba, distante cerca de 45 km do centro.\r\nBarra de Guaratiba é conhecida nacionalmente como centro\r\ngastronômico, possui vários restaurantes rústicos na beira da estrada\r\nRoberto Burle Marx onde servem crustáceos, frutos do mar e deliciosas\r\npeixadas.\r\nAtravés de trilha no costão de Guaratiba, partindo da Rua Parlon\r\nSiqueira, entre Grumari e Guaratiba, 30 possível ter acesso a praias\r\ntotalmente desertas e selvagens, como as praias do Perigoso, do Meio,\r\nFunda e do Inferno. Para chegar até a praia do Perigoso são cerca de 50\r\nminutos de caminhada e até a praia do Inferno (a última) cerca de 3\r\nhoras. Para realizar as trilhas, recomenda-se o uso de protetor solar,\r\nroupas leves, levar água e ir acompanhado de um guia. Também é indicado\r\nfazer a caminhada em grupo em razão do isolamento do local. \n"},"files":[{"file":"http://www.rioguiaoficial.com.br/sites/default/files/guaratiba.jpg"}],"geoResult":{"point":{"lat":-23.070888,"lng":-43.569031},"neighbourhood":"Barra de Guaratiba","address":"Barra de Guaratiba"},"taxonomies":[{"type":"Zona Oeste"}]},{"name":"Macumba","description":{"short_text":"A Praia da Macumba fica entre a Praia do Recreio e a Prainha.\n\n","text":"&0 uma praia extensa com quiosques por toda a orla e ciclovia. A\r\npedra do Pontal separa a Praia da Macumba do Recreio. Em maré baixa, um\r\nestreito caminho no areia se forma da praia até o pontal, permitindo\r\nque se chegue nele. A subida até o alto leva cerca de uma hora. A vista\r\nlá de cima vale o esforço da subida. É possível observar, do lado\r\ndireito, toda a extensão de areia do Recreio à Barra da Tijuca e do\r\nlado esquerdo a Prainha. Ponto preferido dos surfistas por suas ondas\r\ncheias e compridas praticamente o ano todo, ideal para os long borders. "},"files":[{"file":"http://www.rioguiaoficial.com.br/sites/default/files/macumba.jpg"}],"taxonomies":[{"type":"Zona Oeste"}]},{"name":"Prainha","description":{"short_text":"Uma pequena faixa de areia com 700m de extensão de mar forte e localizada no fim da praia do Recreio.\n","text":"Praia preferida dos surfistas, com ondas perfeitas e uma beleza\r\nnatural indescritível. uma hora do centro do Rio. A Prainha, como o\r\npr?prio nome diz, tem uma pequena faixa de areia com 700 metros\r\nextensão de mar forte protegidos por morros cobertos por Mata\r\nAtlântica. Localizada no fim da praia do Recreio. Ideal chegar cedo\r\npara aproveitar o sol, que se esconde atrás das montanhas no meio da\r\ntarde. Nos quiosques, as pedidas são sanduíche natural, suco e açaí. \r\n\r\n \r\n"},"files":[{"file":"http://www.rioguiaoficial.com.br/sites/default/files/prainha.jpg"}],"taxonomies":[{"type":"Zona Oeste"}]},{"name":"Recreio dos Bandeirantes","description":{"short_text":"Enseada de 2,8km de extensão localizada no final da Av. Sernambetiba, possui paisagem exuberante.","text":"Praia com extensa faixa de areia ideal para a prática de\r\nesportes como surf, vôlei e windsurfe. Muito frequentada por surfistas,\r\ncostuma sediar campeonatos de surf e bodyboard. Os\r\nbanhistas podem aproveitar o Sol até ele se pôr, pois os edifícios na\r\norla não são altos. Andar de bicicleta pela ciclovia costuma ser o\r\npasseio preferido dos moradores do bairro.\r\n\r\nO bairro possui as praias mais limpas e reservadas da cidade:\r\nPraia do Recreio, Praia do Pontal, Praia da Macumba, Prainha e Praia do\r\nAbricó (naturista).\r\n\r\nA Pedra do Pontal marca o início da Praia do Pontal e\r\ntornou-se uma referência graças à música \"Do Leme ao Pontal\" de Tim\r\nMaia. Praia reservada de natureza exuberante. "},"characteristics":{"general_info":"<br>"},"files":[{"file":"http://www.rioguiaoficial.com.br/sites/default/files/recreio.jpg"}],"geoResult":{"point":{"lat":-23.013862,"lng":-43.377457},"neighbourhood":"Recreio dos Bandeirantes","address":"Av. Sernambetiba"},"taxonomies":[{"type":"Zona Oeste"}]},{"name":"Reserva","description":{"short_text":"Praia de aspecto selvagem, fica entre a praia da Barra da Tijuca e a Praia do Recreio.","text":"Praia de aspecto selvagem, fica entre a praia da Barra da Tijuca e a Praia do Recreio.\n\nÉ uma praia extensa e pouco frequentada, ideal para quem procura uma\r\npraia mais tranqtila dentro da cidade do Rio. Fica em uma área de\r\nproteção ambiental. Com 8 km de extensão, possui areia fofa e branca,\r\náguas límpidas e vegetação de restinga. Para quem gosta de pescar a\r\npraia da Reserva é uma boa opção."},"files":[{"file":"http://www.rioguiaoficial.com.br/sites/default/files/reserva.jpg"}],"taxonomies":[{"type":"Zona Oeste"}]},{"name":"Ipanema","description":{"short_text":"Possui 2 km de praia entre Arpoador e Jardim de Alah. Famosa por\r\nconcentrar gente bonita em suas areias e por suas eternas \"garotas de\r\nIpanema\".","text":"Possui 2 km de praia entre Arpoador e Jardim de Alah. Famosa por\r\nconcentrar gente bonita em suas areias e por suas eternas \"garotas de\r\nIpanema\".\n\nSuas areias marcam a hist?ria da Bossa Nova. Ipanema est\u001825 entre as\r\npraias preferidas dos cariocas pelo seu charme e descontração,\r\nmundialmente conhecida pela msica Garota de Ipanema, de Tom Jobim e\r\nVinicius de Morais. A praia de 2 km de extensão, do Arpoador ao Jardim\r\nde Alah, na zona Sul da cidade, exibe os corpos mais bonitos do Rio.\r\nPonto de encontro de moradores, turista e principalmente próximo ao\r\nposto 9 freqt616c01entada por artistas. A praia é utilizada para a prática de\r\ndiversos esportes, além de ser palco de shows ao ar livre. Entre as\r\natividades favoritas estão o surf, frescobol, vôlei, futebol,\r\nfutevôlei. Cariocas e turistas costumam sentar-se em suas areias, ao\r\nfim da tarde, para bater papo e aplaudir o magnÙa9fico p?r do sol.\n"},"files":[{"file":"http://www.rioguiaoficial.com.br/sites/default/files/ipanema.jpg"}],"geoResult":{"point":{"lat":-22.973725,"lng":-43.177814},"neighbourhood":"Ipanema","address":"Praia de ipaema"},"taxonomies":[{"type":"Zona Sul"}]},{"name":"Joatinga","description":{"short_text":"Paraíso escondido e, portanto, de difícil acesso.\n\r\n\r\n \r\n \r\n","text":"Paraíso escondido e, portanto, de difícil acesso.\r\n \r\n \r\n\r\n\r\nPara chegar s? de carro. Localiza-se no meio da estrada do Joá,\r\nque liga São Conrado à Barra da Tijuca. &0 necessário descer por um\r\ncaminho entre as pedras para chegar à pequena praia, os mais velhos e\r\nas crianças devem ter atenção redobrada. A areia é branquinha, o mar\r\npermite tanto a prática do surf quanto o banho. Lugar perfeito para\r\nrelaxar com a famÛ29lia e para os surfistas pegarem boas ondas.\r\n"},"files":[{"file":"http://www.rioguiaoficial.com.br/sites/default/files/joatinga.jpg"}],"geoResult":{"point":{"lat":-23.007384,"lng":-43.280296},"neighbourhood":"São Conrado","address":"joatinga"},"taxonomies":[{"type":"Zona Sul"}]},{"name":"Leblon","description":{"short_text":"Praia bastante familiar, com uma área especÙa9fica para crianças, apelidade de Baixo Beb«8a.\n\n","text":"Praia bastante familiar, com uma área especÙa9fica para crianças, apelidade de Baixo Beb«8a.\n\nAtrai gente jovem e bonita, que costuma desfilar por seu calçadão,\r\nantecipando tendências da moda carioca. No fim da praia, junto à subida\r\ndo Vidigal, encontra-se um mirante com uma vista deslumbrante da orla\r\ndo Leblon e Ipanema."},"files":[{"file":"http://www.rioguiaoficial.com.br/sites/default/files/leblon.jpg"}],"taxonomies":[{"type":"Zona Sul"}]},{"name":"Leme e Copacabana","description":{"short_text":"Consideradas duas das praias mais famosas do mundo, possui 4,15km de\r\nextensão, acompanhando a Av. Atlântica até o Forte de Copacabana.\n","text":"Consideradas duas das praias mais famosas do mundo, possui 4,15km de\r\nextensão, acompanhando a Av. Atlântica até o Forte de Copacabana.\n\nCarinhosamente apelidada pela população de Princesinha do Mar, uma\r\ncanção popular dos brasileiros João de Barro, o Braguinha, e Alberto\r\nRibeiro, a praia de Copacabana localiza-se no bairro de mesmo nome, na\r\nzona Sul da cidade do Rio de Janeiro. Copacabana conta com\r\nbicicletário, ciclovia, quiosques, hotéis, bares e restaurantes,\r\nfreqientados tanto de dia como à noite. Além de dois Fortes\r\nMilitares, um em cada extremidade da praia, com vistas panor+69micas,\r\nabertos 6 visitação.\r\n\r\nTamanho fascÛa9nio também se d\u001820 pelo belíssimo calçadão da Avenida\r\nAtlântica em pedras portuguesas brancas e pretas, que formam um lindo\r\nmosaico no formato de ondas, inspirado no calçadão de Lisboa e usado\r\npor Burle Max na praia. Possuem grande infraestrutura de hotéis e\r\nquiosques, que atrem turistas do mundo inteiro.\r\n\r\nPalco da maior festa de Ra5veillon do planeta, com seus fogos\r\nmundialmente conhecidos, re-ne mais de tr¬e0s milh?es de pessoas. Suas\r\nareias também abrigam grandiosos eventos como os Jogos Pan-americanos\r\ndo Rio 2007, campeonatos mundiais de futebol de areia e campeonatos\r\nmundiais de vôlei. "},"files":[{"file":"http://www.rioguiaoficial.com.br/sites/default/files/copacabana.jpg"}],"geoResult":{"point":{"lat":-22.966257,"lng":-43.17275},"neighbourhood":"Copacabana","address":"Praia de Copacabana"},"taxonomies":[{"type":"Zona Sul"}]},{"name":"Praia do Diabo","description":{"short_text":"A Praia do Diabo fica 5 esquerda da Pedra do Arpoador.","text":"A Praia do Diabo fica 5 esquerda da Pedra do Arpoador. &0 uma pequena\r\npraia, diante do mar aberto, rodeada de coqueiros. H\u001835 uma pequena\r\nprax6ca, antes da descida para praia, com bancos onde se pode sentar e\r\napreciar a paisagem desfrutando de uma água de coco bem gelada. Tem\r\nesse nome porque quando o mar est\u001836 virado, fica muito mais violento\r\nnaquele ponto.\r\n"},"characteristics":{"general_info":"<br>"},"files":[{"file":"http://www.rioguiaoficial.com.br/sites/default/files/diabo.jpg"}],"taxonomies":[{"type":"Zona Sul"}]},{"name":"São Conrado","description":{"short_text":"Ao lado da Pedra Bonita, 29 ideal para aventureiros que praticam o salto de asa-delta.","text":" \r\n \r\n\r\n\r\nAo lado da Pedra Bonita, 29 ideal para aventureiros que praticam o salto de asa-delta.Seu nome oficial 10 Praia da Gávea e começa no tadrmino da Av.\r\nNiemeyer, estendendo-se por tr¬e0s quil?metros até o t\u001f003631nel São Conrado. A\r\nprincipal caracterÜf4stica da praia 21 a pista de pouso de asa deltas (v?o\r\nlivre) e dos parapentes, no canto direito. Esta praia iniciou em 2002\r\nseu projeto de despoluição. Areia clara e fofa, ondas fortes, ideal\r\npara a pratica de surfe. A comercialização de voos duplos de asa delta e ultraleves nos aeroclubes no Rio de Janeiro 30 proibida. A legislação permite a atividade apenas para fins recreativos e de aprendizado, sendo liberado apenas como instrução aos praticantes desta modalidade esportiva."},"files":[{"file":"http://www.rioguiaoficial.com.br/sites/default/files/saoconrado.jpg"}],"taxonomies":[{"type":"Zona Sul"}]},{"name":"Vermelha","description":{"short_text":"A pacata praia de pequenas dimens?es e paisagem envolvente localizada no bairro da Urca.","text":"A pacata praia de pequenas dimens?es e paisagem envolvente localizada no bairro da Urca.\n\nPraia entre o morro do Pão de A~a322d203acar e o morro da Babil?nia. No pequeno\r\ncalçadão encontram-se quiosques com mesinhas para sentar e saborear uma\r\ndeliciosa e bem gelada água de coco. No lado direito da praia,\r\nlocaliza-se o Clube Militar da Praia Vermelha. No lado esquerdo est\u001821 a\r\nPista Cl\u001d64udio Coutinho, uma linda opção para os que não resistem a um\r\npasseio ecológico. Além de servir como uma pista de caminhadas e\r\ncorridas, possui um dos mais belos mirantes que acompanham todo o\r\npercurso, rodeado pelo mar, por uma flora admirável e pelo Morro da\r\nUrca. \n"},"files":[{"file":"http://www.rioguiaoficial.com.br/sites/default/files/vermelha.jpg"}],"geoResult":{"point":{"lat":-22.947091,"lng":-43.153954},"neighbourhood":"Urca","address":"Urca"},"taxonomies":[{"type":"Zona Sul"}]},{"name":"Arpoador","description":{"short_text":"Localizada entre o Forte de Copacabana e a Praia de Ipanema, o Arpoador 35 um dos pontos mais famosos da orla da cidade.","text":"Uma das praias preferidas de cariocas e turistas, pela beleza de sua paisagem e pela prática do surfe, tanto no verão quanto no inverno. Possui 800m de extensão entre o Forte de Copacabana e a Rua Francisco Otaviano com Av. Vieira Souto. O nome do local provém do fato de ser possível, no passado, arpoarem-se baleias nas proximidades da costa.Não se esqueça de visitar as pedras do Arpoador, o local mais lindo para se apreciar o mar e o p?r-do-sol."},"files":[{"file":"http://www.rioguiaoficial.com.br/sites/default/files/arpoador.jpg"}],"geoResult":{"point":{"lat":-22.987138,"lng":-43.191655},"neighbourhood":"Copacabana","address":"Rua Francisco Otaviano com a Avenida Vieira Souto."},"taxonomies":[{"type":"Zona Sul"}]}]}