{"error":0,"message":"Admin data fetch successfully","data":[{"name":"Barra da Tijuca","description":{"short_text":"Maior praia carioca, estende-se ao longo da Av. Sernambetiba at2f o Recreio. Possui 14,4 km de extens;eeo.","text":"A praia da Barra da Tijuca 21 a maior praia do estado do Rio de\r\nJaneiro, com 14,4 Km de comprimento. Suas \u0019f5guas esverdeadas e lÛ70mpidas\r\nestendem-se ao longo da avenida Sernambetiba at2f o Recreio dos\r\nBandeirantes. Logo no inØe9cio fica a barraca do Pep«20, mais famosa\r\nbarraca de sucos e sanduØe8ches da cidade e point dos jovens que moram no\r\nbairro. Praia ideal para a pr\u001d29tica do surfe, windsurfe, bodyboarding e\r\npesca de beira. Ainda possui muitos bares, restaurantes e quiosques,\r\niluminaxef;e0o noturna e ciclovia. A partir da Avenida Ayrton Senna a praia\r\nn;e0o possui calx64ad;eco, por ser uma regi;e0o de preservaxef;e0o ambiental. Nas\r\nimedia}65?es, situa-se a Reserva Biol?gica de Marapendi. \r\n"},"files":[{"file":"http://www.rioguiaoficial.com.br/sites/default/files/barra_da_tijuca_0.jpg"}],"taxonomies":[{"type":"Zona Oeste"}]},{"name":"Abric?","description":{"short_text":"jenica praia naturista do Rio de Janeiro, est\u001833 situada na rrea de\r\nProtexef;e0o Ambiental de Grumari e possui aproximadamente 1,5 Km de\r\nextens;eeo.","text":"jenica praia naturista do Rio de Janeiro, est\u001833 situada na rrea de\r\nProtexef;e0o Ambiental de Grumari e possui aproximadamente 1,5 Km de\r\nextens;eeo. \r\n \r\nPraia de \u0019f5guas cristalinas, cercada por montanhas e vegetaxef;cdo\r\ntropical. A praia do Abric? fica em Grumari, na Barra da Tijuca, na\r\nzona Oeste da cidade, localizada dentro da reserva biol?gica do Parque\r\nMunicipal de Grumari, ap?s a Prainha e a praia de Grumari, 21 atualmente\r\na 6343633nica praia destinada 0 pr\u001d29tica do naturismo em toda a cidade. Est\u00134a\r\nafiliada oficialmente 6 Federaxef;e0o Brasileira de Naturismo (FBrN).\r\nApesar dos meios de transportes coletivos deixarem seus passageiros\r\na cerca de 5 km da praia, existe uma estrada asfaltada que possibilita\r\no acesso at22 bem pr?ximo 0 praia.\r\nPrivilegiada por sua geografia, cercada de montanhas e de\r\nincompar\u001da5vel beleza natural, torna escondida a praia que fica quase\r\nsecreta."},"files":[{"file":"http://www.rioguiaoficial.com.br/sites/default/files/abrico.jpg"}],"geoResult":{"point":{"lat":-23.049644,"lng":-43.526888},"neighbourhood":"Barra da Tijuca","address":"grumari"},"taxonomies":[{"type":"Zona Oeste"}]},{"name":"Barra de Guaratiba","description":{"short_text":"Situa-se em regi;e0o de reserva ecol?gica, entre restinga de marambaia, manguezais e mata atl+b4ntica.","text":"Situa-se em regi;e0o de reserva ecol?gica, entre restinga de marambaia, manguezais e mata atl+b4ntica. \r\n \r\nNo lado direito de sua pequena orla, comex60a a belÜf3ssima restinga de\r\nMarambaia acesso restrito por ser \u001ca5rea militar. A praia possui \u0019f5guas\r\ncalmas e conta com estrutura de casas, bares e um morro urbanizado. O\r\nacesso 26 feito pela estrada Roberto Burle Marx ou estrada da Barra de\r\nGuaratiba, distante cerca de 45 km do centro.\r\nBarra de Guaratiba 23 conhecida nacionalmente como centro\r\ngastron?mico, possui v\u001ca9rios restaurantes r\u001f0033sticos na beira da estrada\r\nRoberto Burle Marx onde servem crust\u0018e5ceos, frutos do mar e deliciosas\r\npeixadas.\r\nAtrave0s de trilha no cost;e0o de Guaratiba, partindo da Rua Parlon\r\nSiqueira, entre Grumari e Guaratiba, 30 possÝa5vel ter acesso a praias\r\ntotalmente desertas e selvagens, como as praias do Perigoso, do Meio,\r\nFunda e do Inferno. Para chegar at21 a praia do Perigoso s;e0o cerca de 50\r\nminutos de caminhada e at21 a praia do Inferno (a ltima) cerca de 3\r\nhoras. Para realizar as trilhas, recomenda-se o uso de protetor solar,\r\nroupas leves, levar \u0019f5gua e ir acompanhado de um guia. Tamb60m 29 indicado\r\nfazer a caminhada em grupo em raz;e0o do isolamento do local. \n"},"files":[{"file":"http://www.rioguiaoficial.com.br/sites/default/files/guaratiba.jpg"}],"geoResult":{"point":{"lat":-23.070888,"lng":-43.569031},"neighbourhood":"Barra de Guaratiba","address":"Barra de Guaratiba"},"taxonomies":[{"type":"Zona Oeste"}]},{"name":"Macumba","description":{"short_text":"A Praia da Macumba fica entre a Praia do Recreio e a Prainha.\n\n","text":"&0 uma praia extensa com quiosques por toda a orla e ciclovia. A\r\npedra do Pontal separa a Praia da Macumba do Recreio. Em mar22 baixa, um\r\nestreito caminho no areia se forma da praia at2f o pontal, permitindo\r\nque se chegue nele. A subida at2f o alto leva cerca de uma hora. A vista\r\nl\u001824 de cima vale o esfor{e0o da subida. &0 possÝa5vel observar, do lado\r\ndireito, toda a extens;e0o de areia do Recreio 2 Barra da Tijuca e do\r\nlado esquerdo a Prainha. Ponto preferido dos surfistas por suas ondas\r\ncheias e compridas praticamente o ano todo, ideal para os long borders. "},"files":[{"file":"http://www.rioguiaoficial.com.br/sites/default/files/macumba.jpg"}],"taxonomies":[{"type":"Zona Oeste"}]},{"name":"Prainha","description":{"short_text":"Uma pequena faixa de areia com 700m de extens;e0o de mar forte e localizada no fim da praia do Recreio.\n","text":"Praia preferida dos surfistas, com ondas perfeitas e uma beleza\r\nnatural indescritÝa5vel. uma hora do centro do Rio. A Prainha, como o\r\npr?prio nome diz, tem uma pequena faixa de areia com 700 metros\r\nextens;e0o de mar forte protegidos por morros cobertos por Mata\r\nAtl+b4ntica. Localizada no fim da praia do Recreio. Ideal chegar cedo\r\npara aproveitar o sol, que se esconde atr\u001ce0s das montanhas no meio da\r\ntarde. Nos quiosques, as pedidas s;e0o sanduØe8che natural, suco e ax6daÛa0. \r\n\r\n \r\n"},"files":[{"file":"http://www.rioguiaoficial.com.br/sites/default/files/prainha.jpg"}],"taxonomies":[{"type":"Zona Oeste"}]},{"name":"Recreio dos Bandeirantes","description":{"short_text":"Enseada de 2,8km de extens;e0o localizada no final da Av. Sernambetiba, possui paisagem exuberante.","text":"Praia com extensa faixa de areia ideal para a pr\u001d29tica de\r\nesportes como surf, v?lei e windsurfe. Muito frequentada por surfistas,\r\ncostuma sediar campeonatos de surf e bodyboard. Os\r\nbanhistas podem aproveitar o Sol at25 ele se p?r, pois os edifØe9cios na\r\norla n;e0o s;e0o altos. Andar de bicicleta pela ciclovia costuma ser o\r\npasseio preferido dos moradores do bairro.\r\n\r\nO bairro possui as praias mais limpas e reservadas da cidade:\r\nPraia do Recreio, Praia do Pontal, Praia da Macumba, Prainha e Praia do\r\nAbric? (naturista).\r\n\r\nA Pedra do Pontal marca o inØe9cio da Praia do Pontal e\r\ntornou-se uma refer«a3ncia grax73as d msica \"Do Leme ao Pontal\" de Tim\r\nMaia. Praia reservada de natureza exuberante. "},"characteristics":{"general_info":"<br>"},"files":[{"file":"http://www.rioguiaoficial.com.br/sites/default/files/recreio.jpg"}],"geoResult":{"point":{"lat":-23.013862,"lng":-43.377457},"neighbourhood":"Recreio dos Bandeirantes","address":"Av. Sernambetiba"},"taxonomies":[{"type":"Zona Oeste"}]},{"name":"Reserva","description":{"short_text":"Praia de aspecto selvagem, fica entre a praia da Barra da Tijuca e a Praia do Recreio.","text":"Praia de aspecto selvagem, fica entre a praia da Barra da Tijuca e a Praia do Recreio.\n\n&0 uma praia extensa e pouco frequentada, ideal para quem procura uma\r\npraia mais tranqtila dentro da cidade do Rio. Fica em uma \u001ca5rea de\r\nprotexef;e0o ambiental. Com 8 km de extens;eco, possui areia fofa e branca,\r\n\u0019f5guas lÛ70mpidas e vegetaxef;e0o de restinga. Para quem gosta de pescar a\r\npraia da Reserva 35 uma boa opxef;eeo."},"files":[{"file":"http://www.rioguiaoficial.com.br/sites/default/files/reserva.jpg"}],"taxonomies":[{"type":"Zona Oeste"}]},{"name":"Ipanema","description":{"short_text":"Possui 2 km de praia entre Arpoador e Jardim de Alah. Famosa por\r\nconcentrar gente bonita em suas areias e por suas eternas \"garotas de\r\nIpanema\".","text":"Possui 2 km de praia entre Arpoador e Jardim de Alah. Famosa por\r\nconcentrar gente bonita em suas areias e por suas eternas \"garotas de\r\nIpanema\".\n\nSuas areias marcam a hist?ria da Bossa Nova. Ipanema est\u001825 entre as\r\npraias preferidas dos cariocas pelo seu charme e descontraxef;eco,\r\nmundialmente conhecida pela msica Garota de Ipanema, de Tom Jobim e\r\nVinicius de Morais. A praia de 2 km de extens;eco, do Arpoador ao Jardim\r\nde Alah, na zona Sul da cidade, exibe os corpos mais bonitos do Rio.\r\nPonto de encontro de moradores, turista e principalmente pr?ximo ao\r\nposto 9 freqt616c01entada por artistas. A praia 35 utilizada para a pr\u001d29tica de\r\ndiversos esportes, al60m de ser palco de shows ao ar livre. Entre as\r\natividades favoritas est;e0o o surf, frescobol, v?lei, futebol,\r\nfutev?lei. Cariocas e turistas costumam sentar-se em suas areias, ao\r\nfim da tarde, para bater papo e aplaudir o magnÙa9fico p?r do sol.\n"},"files":[{"file":"http://www.rioguiaoficial.com.br/sites/default/files/ipanema.jpg"}],"geoResult":{"point":{"lat":-22.973725,"lng":-43.177814},"neighbourhood":"Ipanema","address":"Praia de ipaema"},"taxonomies":[{"type":"Zona Sul"}]},{"name":"Joatinga","description":{"short_text":"ParaÜefso escondido e, portanto, de difØe9cil acesso.\n\r\n\r\n \r\n \r\n","text":"ParaÜefso escondido e, portanto, de difØe9cil acesso.\r\n \r\n \r\n\r\n\r\nPara chegar s? de carro. Localiza-se no meio da estrada do Jo\u001b0d,\r\nque liga S;e0o Conrado 2 Barra da Tijuca. &0 necess\u001ca9rio descer por um\r\ncaminho entre as pedras para chegar 0 pequena praia, os mais velhos e\r\nas crianx73as devem ter atenxef;e0o redobrada. A areia 22 branquinha, o mar\r\npermite tanto a pr\u001d29tica do surf quanto o banho. Lugar perfeito para\r\nrelaxar com a famÛ29lia e para os surfistas pegarem boas ondas.\r\n"},"files":[{"file":"http://www.rioguiaoficial.com.br/sites/default/files/joatinga.jpg"}],"geoResult":{"point":{"lat":-23.007384,"lng":-43.280296},"neighbourhood":"S;e0o Conrado","address":"joatinga"},"taxonomies":[{"type":"Zona Sul"}]},{"name":"Leblon","description":{"short_text":"Praia bastante familiar, com uma \u001ca5rea especÙa9fica para crianx73as, apelidade de Baixo Beb«8a.\n\n","text":"Praia bastante familiar, com uma \u001ca5rea especÙa9fica para crianx73as, apelidade de Baixo Beb«8a.\n\nAtrai gente jovem e bonita, que costuma desfilar por seu calx64ad;eco,\r\nantecipando tend«a3ncias da moda carioca. No fim da praia, junto 3 subida\r\ndo Vidigal, encontra-se um mirante com uma vista deslumbrante da orla\r\ndo Leblon e Ipanema."},"files":[{"file":"http://www.rioguiaoficial.com.br/sites/default/files/leblon.jpg"}],"taxonomies":[{"type":"Zona Sul"}]},{"name":"Leme e Copacabana","description":{"short_text":"Consideradas duas das praias mais famosas do mundo, possui 4,15km de\r\nextens;eco, acompanhando a Av. Atl+b4ntica at2f o Forte de Copacabana.\n","text":"Consideradas duas das praias mais famosas do mundo, possui 4,15km de\r\nextens;eco, acompanhando a Av. Atl+b4ntica at2f o Forte de Copacabana.\n\nCarinhosamente apelidada pela populaxef;e0o de Princesinha do Mar, uma\r\ncanxef;e0o popular dos brasileiros Jo;e0o de Barro, o Braguinha, e Alberto\r\nRibeiro, a praia de Copacabana localiza-se no bairro de mesmo nome, na\r\nzona Sul da cidade do Rio de Janeiro. Copacabana conta com\r\nbiciclet\u001ca9rio, ciclovia, quiosques, hot73is, bares e restaurantes,\r\nfreqientados tanto de dia como e noite. Al60m de dois Fortes\r\nMilitares, um em cada extremidade da praia, com vistas panor+69micas,\r\nabertos 6 visitaxef;eeo.\r\n\r\nTamanho fascÛa9nio tamb60m se d\u001820 pelo belÜf3ssimo calx64ad;e0o da Avenida\r\nAtl+b4ntica em pedras portuguesas brancas e pretas, que formam um lindo\r\nmosaico no formato de ondas, inspirado no calx64ad;e0o de Lisboa e usado\r\npor Burle Max na praia. Possuem grande infraestrutura de hot73is e\r\nquiosques, que atrem turistas do mundo inteiro.\r\n\r\nPalco da maior festa de Ra5veillon do planeta, com seus fogos\r\nmundialmente conhecidos, re-ne mais de tr¬e0s milh?es de pessoas. Suas\r\nareias tamb60m abrigam grandiosos eventos como os Jogos Pan-americanos\r\ndo Rio 2007, campeonatos mundiais de futebol de areia e campeonatos\r\nmundiais de v?lei. "},"files":[{"file":"http://www.rioguiaoficial.com.br/sites/default/files/copacabana.jpg"}],"geoResult":{"point":{"lat":-22.966257,"lng":-43.17275},"neighbourhood":"Copacabana","address":"Praia de Copacabana"},"taxonomies":[{"type":"Zona Sul"}]},{"name":"Praia do Diabo","description":{"short_text":"A Praia do Diabo fica 5 esquerda da Pedra do Arpoador.","text":"A Praia do Diabo fica 5 esquerda da Pedra do Arpoador. &0 uma pequena\r\npraia, diante do mar aberto, rodeada de coqueiros. H\u001835 uma pequena\r\nprax6ca, antes da descida para praia, com bancos onde se pode sentar e\r\napreciar a paisagem desfrutando de uma \u0019f5gua de coco bem gelada. Tem\r\nesse nome porque quando o mar est\u001836 virado, fica muito mais violento\r\nnaquele ponto.\r\n"},"characteristics":{"general_info":"<br>"},"files":[{"file":"http://www.rioguiaoficial.com.br/sites/default/files/diabo.jpg"}],"taxonomies":[{"type":"Zona Sul"}]},{"name":"S;e0o Conrado","description":{"short_text":"Ao lado da Pedra Bonita, 29 ideal para aventureiros que praticam o salto de asa-delta.","text":" \r\n \r\n\r\n\r\nAo lado da Pedra Bonita, 29 ideal para aventureiros que praticam o salto de asa-delta.Seu nome oficial 10 Praia da G\u001da5vea e comex60a no tadrmino da Av.\r\nNiemeyer, estendendo-se por tr¬e0s quil?metros at2f o t\u001f003631nel S;e0o Conrado. A\r\nprincipal caracterÜf4stica da praia 21 a pista de pouso de asa deltas (v?o\r\nlivre) e dos parapentes, no canto direito. Esta praia iniciou em 2002\r\nseu projeto de despoluixef;eeo. Areia clara e fofa, ondas fortes, ideal\r\npara a pratica de surfe. A comercializaxef;e0o de voos duplos de asa delta e ultraleves nos aeroclubes no Rio de Janeiro 30 proibida. A legislaxef;e0o permite a atividade apenas para fins recreativos e de aprendizado, sendo liberado apenas como instruxef;e0o aos praticantes desta modalidade esportiva."},"files":[{"file":"http://www.rioguiaoficial.com.br/sites/default/files/saoconrado.jpg"}],"taxonomies":[{"type":"Zona Sul"}]},{"name":"Vermelha","description":{"short_text":"A pacata praia de pequenas dimens?es e paisagem envolvente localizada no bairro da Urca.","text":"A pacata praia de pequenas dimens?es e paisagem envolvente localizada no bairro da Urca.\n\nPraia entre o morro do P;e0o de A~a322d203acar e o morro da Babil?nia. No pequeno\r\ncalx64ad;e0o encontram-se quiosques com mesinhas para sentar e saborear uma\r\ndeliciosa e bem gelada \u0019f5gua de coco. No lado direito da praia,\r\nlocaliza-se o Clube Militar da Praia Vermelha. No lado esquerdo est\u001821 a\r\nPista Cl\u001d64udio Coutinho, uma linda opxef;e0o para os que n;e0o resistem a um\r\npasseio ecol?gico. Al60m de servir como uma pista de caminhadas e\r\ncorridas, possui um dos mais belos mirantes que acompanham todo o\r\npercurso, rodeado pelo mar, por uma flora admir\u001da5vel e pelo Morro da\r\nUrca. \n"},"files":[{"file":"http://www.rioguiaoficial.com.br/sites/default/files/vermelha.jpg"}],"geoResult":{"point":{"lat":-22.947091,"lng":-43.153954},"neighbourhood":"Urca","address":"Urca"},"taxonomies":[{"type":"Zona Sul"}]},{"name":"Arpoador","description":{"short_text":"Localizada entre o Forte de Copacabana e a Praia de Ipanema, o Arpoador 35 um dos pontos mais famosos da orla da cidade.","text":"Uma das praias preferidas de cariocas e turistas, pela beleza de sua paisagem e pela pr\u001d29tica do surfe, tanto no ver;e0o quanto no inverno. Possui 800m de extens;e0o entre o Forte de Copacabana e a Rua Francisco Otaviano com Av. Vieira Souto. O nome do local prov60m do fato de ser possÝa5vel, no passado, arpoarem-se baleias nas proximidades da costa.N;e0o se esquex60a de visitar as pedras do Arpoador, o local mais lindo para se apreciar o mar e o p?r-do-sol."},"files":[{"file":"http://www.rioguiaoficial.com.br/sites/default/files/arpoador.jpg"}],"geoResult":{"point":{"lat":-22.987138,"lng":-43.191655},"neighbourhood":"Copacabana","address":"Rua Francisco Otaviano com a Avenida Vieira Souto."},"taxonomies":[{"type":"Zona Sul"}]}]}